2,어반스테이 서면 (Urbanstay Seomyeon),65303,//pix8.agoda.net/hotelImages/19856898/-1/9a03ea66a84e2977ecae427bb478f3aa.jpg?ce=0&s=450x450
3,어반스테이 해운대역 (Urbanstay Haeundae Station),69156,//pix8.agoda.net/hotelImages/60235841/-1/137ae687447b6289bf2cd40c179ab91f.jpg?ce=0&s=450x450
5,센텀 프리미어 호텔 (Centum Premier Hotel),66763,//pix8.agoda.net/hotelImages/46163998/-1/64d120e223a6bf98ef95e0eca3c96b1f.jpg?ce=0&s=450x450
6,코모도 호텔 (Commodore Hotel),83593,//pix8.agoda.net/hotelImages/9415/-1/9252c774cb2b0af976daf7c2529ce8be.jpg?ca=13&ce=1&s=450x450
18,엘모멘토 송도 레지던스 (Elmomento Songdo Residence),105689,//pix8.agoda.net/hotelImages/59456426/0/41d37bbe0b0e4fef0f2d99a6f25c705c.jpg?ce=0&s=450x450
20,부산 올집 아카이브 4H (Busan Beomcheon-dong All zip Archive 4H),66365,//pix8.agoda.net/hotelImages/41730597/-1/2d366b29f88f6f7dfed726fc9c0e1274.jpg?ce=0&s=450x450
21,어반스테이 부티크남포BIFF (Urbanstay  Boutique Nampo BIFF),54735,//pix8.agoda.net/hotelImages/37001556/-1/3a1f851e924e0da10a9cef152f040fe3.jpg?ce=0&s=450x450
23,시프트도어 하리 레지던스 (Shiftdoor Residence Hari),78469,//pix8.agoda.net/hotelImages/32829536/-1/48dc63fd30e172829c8f4fc2cc1a3b52.jpg?ce=0&s=450x450
25,센트럴 파크 호텔 부산 (Central Park Hotel Busan (Korea Quality)),58189,//pix8.agoda.net/hotelImages/2577374/-1/b70a615d3c6579af40e25e11993c169e.jpg?ce=0&s=450x450
30,센텀 빅토리아 호텔 (Busan Centum Victoria Hotel  ),75610,//pix8.agoda.net/hotelImages/35835604/-1/cefc4d5e6d951d58c94bb8257d1b2a6b.jpg?ce=0&s=450x450
33,더블유 레지던스 호텔 해운대 (WResidenceHotelHaeundae),64108,//pix8.agoda.net/hotelImages/49501821/0/4530690c7e39376a0b89fb188c840557.jpg?ce=0&s=450x450
44,TRT 호텔 (TRT Hotel),53444,//pix8.agoda.net/hotelImages/1155676/-1/67f6361ef81eb1e08d11d93bfb950d67.jpg?ca=0&ce=1&s=450x450
45,쇼 호텔 해운대 (Show Hotel),39734,//pix8.agoda.net/hotelImages/122/1227838/1227838_16062813470044177415.jpg?ca=6&ce=1&s=450x450
46,센텀 비즈니스 호텔 (Centum Business Hotel),70061,//pix8.agoda.net/hotelImages/46751030/-1/80a2b8ee3a9279c19b2835943bf38daa.jpg?ce=0&s=450x450
47,마리쏠 바이 해운대비치 (marysol by haeundaebeach),65592,//pix8.agoda.net/hotelImages/56391618/-1/6414eb683b098370289aaba60275a096.jpg?ce=0&s=450x450
